{
  "timestamp": 1768681988.749,
  "K_color": [
    [
      800,
      0,
      320
    ],
    [
      0,
      800,
      240
    ],
    [
      0,
      0,
      1
    ]
  ],
  "K_depth": [
    [
      400,
      0,
      160
    ],
    [
      0,
      400,
      120
    ],
    [
      0,
      0,
      1
    ]
  ],
  "colorSize": [
    640,
    480
  ],
  "depthSize": [
    320,
    240
  ],
  "T_wc": [
    [
      1,
      0,
      0,
      0
    ],
    [
      0,
      1,
      0,
      0
    ],
    [
      0,
      0,
      1,
      0
    ],
    [
      0,
      0,
      0,
      1
    ]
  ],
  "depthScale": 1000
}